ido,keido
36.93293057,137.5025595
36.88354147,137.5241774
36.9130501,137.4584816
36.92465387,137.4886789
36.91652893,137.4622097
36.92061101,137.5389388
36.95621799,137.5546712
36.91179651,137.4571434
36.92763749,137.4958209
36.92881727,137.4974844
